email,first_name,last_name,job_title,income
zbeagles0@nature.com,Zondra,Beagles,Community Outreach Specialist,5585
dclougher1@bloomberg.com,Dalis,Clougher,Environmental Specialist,4228
dbrumble2@bandcamp.com,Dinah,Brumble,Compensation Analyst,6571
wodell3@cafepress.com,Wes,O'dell,Sales Representative,7875
amcellen4@unesco.org,Arlin,McEllen,Librarian,5120
bruffle5@ed.gov,Brandais,Ruffle,Actuary,6837
sfarncombe6@huffingtonpost.com,Shanta,Farncombe,Administrative Assistant II,4070
cfernando7@bing.com,Cash,Fernando,GIS Technical Architect,4304
rcrosham8@joomla.org,Ryann,Crosham,Office Assistant II,5331
ebalden9@issuu.com,Elisabetta,Balden,Automation Specialist I,8402
ejentlea@springer.com,Elmore,Jentle,Junior Executive,5908
darlowb@springer.com,Dallas,Arlow,Structural Engineer,6831
sbariballc@twitpic.com,Siward,Bariball,Recruiting Manager,9300
mericksond@joomla.org,Merry,Erickson,Teacher,8190
amarshallsaye@google.es,Archambault,Marshallsay,Developer I,8156
mmateusf@timesonline.co.uk,Maddi,Mateus,Structural Engineer,9214
rmoxsomg@ucoz.com,Riane,Moxsom,Community Outreach Specialist,9404
dclemintonih@paypal.com,Dewitt,Clemintoni,Product Engineer,8419
rmulqueeni@irs.gov,Rosabelle,Mulqueen,Occupational Therapist,5332
amadrellj@webmd.com,Arleta,Madrell,Dental Hygienist,7428
tepslyk@dot.gov,Tracee,Epsly,GIS Technical Architect,4745
fpettiferl@exblog.jp,Freddie,Pettifer,Paralegal,7653
elindenblattm@free.fr,Esmaria,Lindenblatt,Information Systems Manager,4973
jchatern@google.it,John,Chater,Recruiter,7334
gdailyo@opensource.org,Gabbey,Daily,Analog Circuit Design manager,5159
gcoselyp@multiply.com,Grady,Cosely,Quality Control Specialist,4891
rventumq@stanford.edu,Ranique,Ventum,Operator,6939
jmcgiffr@arizona.edu,Joellen,McGiff,Media Manager I,7551
wvedekhovs@wikispaces.com,Westley,Vedekhov,Biostatistician I,5089
nliddellt@boston.com,Neville,Liddell,Staff Accountant IV,8459
mconellyu@jalbum.net,Maressa,Conelly,Associate Professor,5445
gsowmanv@soundcloud.com,Gasper,Sowman,Geological Engineer,7075
lnewsomew@vistaprint.com,Laurette,Newsome,Health Coach IV,7344
htapex@photobucket.com,Halie,Tape,Statistician III,4682
ncokelyy@statcounter.com,Nolan,Cokely,Assistant Professor,9391
lolechnowiczz@blogs.com,Loria,Olechnowicz,Pharmacist,7633
cpoultney10@epa.gov,Claude,Poultney,Help Desk Operator,8848
stomkin11@myspace.com,Sig,Tomkin,Product Engineer,6502
konele12@sitemeter.com,Karylin,Onele,Staff Accountant III,8331
wobert13@prweb.com,Wiatt,Obert,VP Sales,6509
mmoneypenny14@fda.gov,Maire,Moneypenny,Administrative Officer,4576
klemoir15@earthlink.net,Kelila,Lemoir,GIS Technical Architect,4199
lpfeffel16@exblog.jp,Lonnie,Pfeffel,VP Sales,9265
bsommerton17@cbc.ca,Bernie,Sommerton,Nurse,5915
imeeson18@hao123.com,Irina,Meeson,Technical Writer,6362
cbuntin19@t.co,Camila,Buntin,Structural Engineer,7845
sledgeway1a@theglobeandmail.com,Svend,Ledgeway,Programmer Analyst IV,4332
rgynni1b@storify.com,Rhiamon,Gynni,Accounting Assistant I,6553
hwilde1c@cam.ac.uk,Hildagarde,Wilde,Structural Analysis Engineer,7331
mshaddick1d@dailymotion.com,Margret,Shaddick,Senior Cost Accountant,7945
mdeble1e@toplist.cz,Myrle,Deble,Information Systems Manager,6716
delgram1f@a8.net,Dory,Elgram,Accounting Assistant I,7534
ggiorgi1g@google.pl,Granger,Giorgi,Financial Advisor,7191
lgarrish1h@opensource.org,Locke,Garrish,Marketing Assistant,8993
ojerrans1i@howstuffworks.com,Orsa,Jerrans,Environmental Tech,9062
hcarryer1j@blinklist.com,Helen-elizabeth,Carryer,Help Desk Technician,6579
ijennemann1k@pagesperso-orange.fr,Ingunna,Jennemann,Operator,8621
emacquaker1l@bloglovin.com,Ellyn,MacQuaker,Geologist II,4458
adescroix1m@storify.com,Andy,Descroix,Paralegal,8796
rcleverley1n@ehow.com,Rivy,Cleverley,Budget/Accounting Analyst III,7367
aspeare1o@nytimes.com,Augustine,Speare,Analyst Programmer,8587
markley1p@linkedin.com,Mignon,Arkley,Software Consultant,6343
fsponer1q@mashable.com,Farleigh,Sponer,Staff Scientist,4903
mcamolli1r@mtv.com,Mareah,Camolli,Physical Therapy Assistant,8210
escheffel1s@redcross.org,Ellsworth,Scheffel,Automation Specialist IV,5424
mromain1t@xinhuanet.com,Marrissa,Romain,Account Coordinator,5463
sstarford1u@businessweek.com,Sophey,Starford,Software Engineer II,7441
dcrimes1v@hhs.gov,Dione,Crimes,Software Consultant,9942
kshreeves1w@prnewswire.com,Kally,Shreeves,Account Executive,7797
cstevani1x@canalblog.com,Carolan,Stevani,Business Systems Development Analyst,9740
nburkman1y@usgs.gov,Netti,Burkman,Librarian,4269
mpecha1z@last.fm,Marylee,Pecha,Human Resources Manager,7209
aeatttok20@sfgate.com,Alexa,Eatttok,Chief Design Engineer,8412
qbevington21@cam.ac.uk,Quinton,Bevington,VP Accounting,8929
wleber22@hc360.com,Wrennie,Leber,Mechanical Systems Engineer,9602
sdurbin23@acquirethisname.com,Stevena,Durbin,Senior Cost Accountant,6757
qwainscot24@amazon.de,Quintina,Wainscot,Programmer Analyst IV,9364
egilliland25@rediff.com,Elysia,Gilliland,Administrative Officer,8012
wmarquess26@google.ca,Waylan,Marquess,Registered Nurse,6535
cbrine27@japanpost.jp,Christian,Brine,Staff Accountant II,5907
bphillipps28@wordpress.com,Brice,Phillipps,Community Outreach Specialist,9746
jogiany29@free.fr,Josey,O'Giany,Community Outreach Specialist,7416
dromaint2a@tumblr.com,Danette,Romaint,Account Executive,4863
mriguard2b@pbs.org,Mord,Riguard,Product Engineer,5232
jwilleson2c@usda.gov,Jackquelin,Willeson,Office Assistant I,4322
iswainston2d@smugmug.com,Iormina,Swainston,Nurse,9461
jhaugh2e@adobe.com,Jenda,Haugh,Nurse Practicioner,4176
mphiller2f@un.org,Margarete,Philler,Clinical Specialist,4391
mlindbergh2g@yolasite.com,Megen,Lindbergh,Product Engineer,6012
eslayton2h@dedecms.com,Enoch,Slayton,Recruiter,4356
sspeedy2i@tmall.com,Sileas,Speedy,Chemical Engineer,9261
mdurker2j@go.com,Mohandis,Durker,Systems Administrator II,4029
bpecha2k@instagram.com,Bat,Pecha,Technical Writer,6138
ftrillo2l@abc.net.au,Franny,Trillo,Business Systems Development Analyst,9329
amurden2m@aol.com,Anselma,Murden,Business Systems Development Analyst,4200
ahuxter2n@baidu.com,Aundrea,Huxter,Staff Scientist,7012
rredon2o@newsvine.com,Rory,Redon,Analyst Programmer,8595
csaiz2p@bbc.co.uk,Cyndi,Saiz,Chief Design Engineer,6552
kbaudrey2q@yale.edu,Kalina,Baudrey,Analog Circuit Design manager,5728
tcymper2r@japanpost.jp,Thebault,Cymper,Senior Editor,8794
sdonohoe2s@nytimes.com,Shamus,Donohoe,Environmental Tech,8303
lgaiger2t@cnn.com,Latisha,Gaiger,Pharmacist,9569
dminucci2u@eepurl.com,Diannne,Minucci,Business Systems Development Analyst,9127
babad2v@tripadvisor.com,Brade,Abad,Senior Cost Accountant,6361
cfollett2w@npr.org,Crista,Follett,Graphic Designer,7562
crevelle2x@blogs.com,Carlos,Revelle,Statistician III,8262
amoult2y@cdbaby.com,Aguistin,Moult,Tax Accountant,5482
wkemball2z@infoseek.co.jp,Wait,Kemball,Programmer II,9877
msimoncini30@sbwire.com,Maritsa,Simoncini,Administrative Assistant II,5572
bcogdon31@google.com.au,Babb,Cogdon,Clinical Specialist,4339
slivingstone32@mtv.com,Shaine,Livingstone,VP Product Management,8674
rgoldbourn33@wikispaces.com,Romola,Goldbourn,Senior Financial Analyst,4476
aahern34@loc.gov,Arlana,Ahern,Structural Analysis Engineer,6035
alassell35@mayoclinic.com,Adrian,Lassell,VP Quality Control,4408
cblakeway36@ihg.com,Charmane,Blakeway,Senior Quality Engineer,9606
lweymont37@linkedin.com,Lyndel,Weymont,Office Assistant IV,4210
wcheney38@java.com,Waylon,Cheney,VP Sales,6110
ldron39@cnbc.com,Lorrin,Dron,Chemical Engineer,5704
owynrahame3a@ovh.net,Osbourn,Wynrahame,Senior Quality Engineer,6182
ntolland3b@wunderground.com,Noni,Tolland,Nuclear Power Engineer,8776
mhayers3c@omniture.com,Mervin,Hayers,Clinical Specialist,9924
sbroadway3d@flavors.me,Shelia,Broadway,Health Coach I,5268
cvoas3e@angelfire.com,Corny,Voas,Assistant Professor,8818
tpineaux3f@imdb.com,Terrence,Pineaux,Human Resources Manager,8544
aconeau3g@hao123.com,Ase,Coneau,Compensation Analyst,9864
cgumby3h@guardian.co.uk,Curtice,Gumby,Mechanical Systems Engineer,5107
bchesterman3i@prlog.org,Basil,Chesterman,Executive Secretary,8273
rpeltz3j@chicagotribune.com,Rossie,Peltz,Paralegal,7683
gtessier3k@uol.com.br,Gaile,Tessier,Desktop Support Technician,7165
dhardypiggin3l@berkeley.edu,Dorthea,Hardy-Piggin,Structural Engineer,8302
qdudman3m@linkedin.com,Querida,Dudman,Geologist IV,5767
mgyurkovics3n@thetimes.co.uk,Melodie,Gyurkovics,Community Outreach Specialist,6248
llaslett3o@liveinternet.ru,Levey,Laslett,Registered Nurse,5891
dchin3p@mit.edu,Deina,Chin,Speech Pathologist,5607
tplanks3q@cbsnews.com,Trista,Planks,Pharmacist,8174
cmanneville3r@chronoengine.com,Conway,Manneville,Senior Quality Engineer,7196
cnaper3s@squarespace.com,Carter,Naper,Environmental Tech,6511
snodin3t@geocities.jp,Stefanie,Nodin,Professor,7989
rtourner3u@mayoclinic.com,Robyn,Tourner,Accounting Assistant II,6489
kboakes3v@spotify.com,Kiele,Boakes,Dental Hygienist,5944
nmakey3w@nature.com,Nealon,Makey,Senior Editor,5707
sbrown3x@facebook.com,Sean,Brown,Financial Analyst,9237
kartiss3y@weibo.com,Karim,Artiss,Engineer I,5935
ehardinge3z@sogou.com,Eliot,Hardinge,Nurse Practicioner,8702
mmougel40@storify.com,Mack,Mougel,Staff Accountant III,8748
mpennick41@sina.com.cn,Muffin,Pennick,Biostatistician II,8513
edefries42@skyrock.com,Ernestine,Defries,Biostatistician IV,9637
bnutter43@europa.eu,Brigitta,Nutter,Senior Developer,6532
wburdin44@i2i.jp,Wyatt,Burdin,Chemical Engineer,8757
pmallon45@apache.org,Pinchas,Mallon,Social Worker,7743
raddekin46@desdev.cn,Ralf,Addekin,Marketing Assistant,6373
brubenczyk47@mit.edu,Barb,Rubenczyk,Software Consultant,4285
caxell48@istockphoto.com,Chauncey,Axell,Computer Systems Analyst IV,7358
dtearney49@house.gov,Dal,Tearney,Research Nurse,8442
bstorch4a@blog.com,Benetta,Storch,Health Coach I,9545
laicheson4b@photobucket.com,Leslie,Aicheson,Quality Control Specialist,4166
rhaney4c@unc.edu,Rolfe,Haney`,Business Systems Development Analyst,6680
ggascard4d@senate.gov,Gareth,Gascard,Nurse Practicioner,7654
chischke4e@usnews.com,Cyrill,Hischke,Analyst Programmer,9442
cporteous4f@scientificamerican.com,Candide,Porteous,Registered Nurse,9882
atomankowski4g@nyu.edu,Anastassia,Tomankowski,Senior Financial Analyst,7949
psherrett4h@examiner.com,Porter,Sherrett,Structural Analysis Engineer,6810
hlampard4i@blogger.com,Heall,Lampard,Legal Assistant,7925
rbuscombe4j@spiegel.de,Roger,Buscombe,Assistant Media Planner,5773
mthorbon4k@thetimes.co.uk,Meaghan,Thorbon,Account Executive,4272
hransfield4l@cbsnews.com,Hilliary,Ransfield,Legal Assistant,8714
bmapp4m@meetup.com,Boycey,Mapp,Budget/Accounting Analyst III,4935
adunkerley4n@unblog.fr,Arin,Dunkerley,Staff Scientist,4238
wmafham4o@etsy.com,Way,Mafham,Assistant Media Planner,5068
dspeere4p@symantec.com,De,Speere,Chemical Engineer,7019
kwank4q@upenn.edu,Kingston,Wank,Sales Associate,5932
pzahor4r@furl.net,Paola,Zahor,Environmental Specialist,4787
cgopsell4s@wsj.com,Correy,Gopsell,Research Nurse,9625
bdoig4t@kickstarter.com,Barrett,Doig,Quality Engineer,4780
vconibear4u@tinypic.com,Vernor,Conibear,Automation Specialist IV,5904
hgood4v@dion.ne.jp,Hersch,Good,Media Manager II,8607
dsemiras4w@merriam-webster.com,Dennie,Semiras,Environmental Specialist,5854
dcrawforth4x@pagesperso-orange.fr,Duffy,Crawforth,Electrical Engineer,7310
alilleyman4y@noaa.gov,Aimil,Lilleyman,Director of Sales,4137
rosesnane4z@mac.com,Ruttger,O'Sesnane,General Manager,8392
arheaume50@businessweek.com,Adair,Rheaume,Environmental Specialist,6036
adent51@freewebs.com,Adoree,Dent,Staff Accountant I,7294
cscrinage52@umn.edu,Clarissa,Scrinage,Project Manager,9615
nlancastle53@hud.gov,Nelson,Lancastle,Accountant IV,4633
csaward54@slashdot.org,Conni,Saward,Business Systems Development Analyst,4762
aorourke55@ustream.tv,Alexandros,O'Rourke,Desktop Support Technician,5223
tsaladine56@nasa.gov,Taber,Saladine,Payment Adjustment Coordinator,6749
dteas57@yale.edu,Devland,Teas,Physical Therapy Assistant,9865
awileman58@csmonitor.com,Arline,Wileman,Dental Hygienist,5398
mpembridge59@nifty.com,Mirella,Pembridge,Pharmacist,5754
dpoleye5a@unc.edu,Danila,Poleye,Accounting Assistant I,6821
lhoggan5b@samsung.com,Libby,Hoggan,Chief Design Engineer,9601
amaclean5c@china.com.cn,Alphonse,Maclean,Geologist III,6394
mrubery5d@dot.gov,Merrielle,Rubery,Safety Technician I,4637
elarking5e@51.la,Elicia,Larking,Chemical Engineer,9848
chissie5f@redcross.org,Carly,Hissie,Staff Scientist,7352
cblennerhassett5g@miibeian.gov.cn,Cassandra,Blennerhassett,Senior Financial Analyst,5540
amccluney5h@tumblr.com,Aldon,McCluney,Pharmacist,4411
troslen5i@reuters.com,Temple,Roslen,Senior Developer,4696
dvedntyev5j@list-manage.com,Darrell,Vedntyev,Chemical Engineer,8613
rbutchard5k@paginegialle.it,Renato,Butchard,Accountant I,5132
bcunnell5l@wikimedia.org,Berkley,Cunnell,Statistician III,4143
gyushin5m@google.de,Genia,Yushin,Quality Control Specialist,8196
clambden5n@blogspot.com,Corny,Lambden,Registered Nurse,6379
sshemwell5o@usgs.gov,Stacie,Shemwell,Registered Nurse,4405
mcallington5p@hostgator.com,Maison,Callington,Help Desk Technician,4736
ospaingower5q@china.com.cn,Oswald,Spain-Gower,Research Nurse,6000
nmcgurn5r@jiathis.com,Nadeen,McGurn,Legal Assistant,9115
eheadings5s@home.pl,Ermina,Headings,Business Systems Development Analyst,8950
trosenschein5t@va.gov,Tyrus,Rosenschein,Food Chemist,6655
mdennison5u@globo.com,Madelina,Dennison,Systems Administrator I,7990
bcasali5v@kickstarter.com,Bryanty,Casali,Research Associate,5598
jstatersfield5w@amazon.com,Joni,Statersfield,Financial Advisor,8828
ddybbe5x@google.pl,Duke,Dybbe,Office Assistant I,7186
fbaythrop5y@ustream.tv,Franz,Baythrop,Registered Nurse,5628
ibyram5z@livejournal.com,Imojean,Byram,Internal Auditor,5757
zstclair60@photobucket.com,Zed,St. Clair,Sales Representative,5248
cpyford61@people.com.cn,Charmion,Pyford,Account Representative I,7891
phaddon62@si.edu,Pavel,Haddon,Environmental Tech,8685
nbenditt63@people.com.cn,Nadean,Benditt,Assistant Media Planner,6067
lksandra64@symantec.com,Linn,Ksandra,Registered Nurse,8292
csimoneton65@plala.or.jp,Culley,Simoneton,Web Designer IV,7278
bgear66@about.com,Benedikt,Gear,Research Assistant IV,5259
acrucetti67@dailymail.co.uk,Ari,Crucetti,Web Developer II,6923
pebden68@123-reg.co.uk,Petunia,Ebden,Computer Systems Analyst III,6572
pbrannon69@upenn.edu,Paola,Brannon,Occupational Therapist,5677
ryakebowitch6a@ocn.ne.jp,Reta,Yakebowitch,Safety Technician II,8796
sramsted6b@foxnews.com,Stevena,Ramsted,Safety Technician IV,8512
llebarr6c@biblegateway.com,Loraine,Le Barr,Director of Sales,5464
dbatrick6d@ezinearticles.com,Davita,Batrick,Business Systems Development Analyst,7246
yaccomb6e@t-online.de,Ynez,Accomb,Business Systems Development Analyst,8356
amerit6f@va.gov,Alberta,Merit,Budget/Accounting Analyst I,6445
mfasey6g@google.com.hk,Marielle,Fasey,Software Consultant,6600
spopley6h@infoseek.co.jp,Shea,Popley,Office Assistant IV,6912
uapril6i@cisco.com,Ulberto,April,Geologist II,9358
fgloves6j@w3.org,Filippa,Gloves,Internal Auditor,5741
ihelstrom6k@a8.net,Iseabal,Helstrom,Financial Analyst,7891
tjohanssen6l@nytimes.com,Tobi,Johanssen,VP Marketing,6971
swestcarr6m@wufoo.com,Savina,Westcarr,Associate Professor,4232
slorey6n@fotki.com,Sidonia,Lorey,Speech Pathologist,7185
aoleshunin6o@twitter.com,Alvis,Oleshunin,Senior Quality Engineer,9202
smalyan6p@reddit.com,Saloma,Malyan,Programmer Analyst IV,7424
nmcdaid6q@godaddy.com,Nonnah,McDaid,Teacher,8155
flambert6r@gov.uk,Ferdinande,Lambert,Dental Hygienist,4951
ghornbuckle6s@usnews.com,Georgie,Hornbuckle,Data Coordinator,5926
sfindley6t@dot.gov,Saunderson,Findley,General Manager,7101
ffardell6u@dropbox.com,Fanni,Fardell,Senior Sales Associate,4443
brawstorne6v@apple.com,Bobbie,Rawstorne,Cost Accountant,5611
dshaddick6w@illinois.edu,Donica,Shaddick,Graphic Designer,7668
gjefferies6x@arizona.edu,Gian,Jefferies,Community Outreach Specialist,8937
gcarr6y@lulu.com,Gretta,Carr,Recruiting Manager,5410
kkingsmill6z@mlb.com,Kelly,Kingsmill,Geologist III,8301
lphlippi70@macromedia.com,Louella,Phlippi,Environmental Tech,7865
dmarin71@state.gov,Derrick,Marin,Recruiting Manager,4282
ttumayan72@wordpress.com,Tamas,Tumayan,Community Outreach Specialist,5740
dcrooke73@furl.net,Drake,Crooke,Software Engineer I,5590
rbalaam74@spotify.com,Rudolf,Balaam,VP Quality Control,6137
btop75@goo.gl,Brockie,Top,Help Desk Operator,4881
acasarino76@spotify.com,Ad,Casarino,Web Designer II,4209
chuzzey77@amazon.co.uk,Carmine,Huzzey,Junior Executive,9555
lwoodhouse78@google.it,Lizzy,Woodhouse,Cost Accountant,6562
mthorndycraft79@cafepress.com,Meyer,Thorndycraft,Data Coordinator,9884
bmartinho7a@pbs.org,Berna,Martinho,Occupational Therapist,9100
tflori7b@noaa.gov,Torey,Flori,Community Outreach Specialist,4035
kaldwich7c@parallels.com,Ken,Aldwich,Media Manager I,5474
gcayley7d@dailymail.co.uk,Goran,Cayley,VP Sales,6634
hobrian7e@theglobeandmail.com,Hazel,O'Brian,Registered Nurse,5399
ddorsay7f@howstuffworks.com,Dynah,D'orsay,Engineer III,6228
areasce7g@telegraph.co.uk,Arthur,Reasce,Director of Sales,7971
mfurness7h@marriott.com,Matthias,Furness,Sales Associate,6372
aflaxon7i@google.es,Amandy,Flaxon,VP Marketing,9442
bclinnick7j@berkeley.edu,Bancroft,Clinnick,Marketing Manager,5434
scanti7k@imgur.com,Sig,Canti,Nuclear Power Engineer,6295
ppollicote7l@com.com,Patty,Pollicote,Administrative Officer,5228
rpatient7m@scribd.com,Roda,Patient,Structural Engineer,7842
tbeaman7n@mashable.com,Thea,Beaman,Technical Writer,5935
lrutter7o@soup.io,Laryssa,Rutter,Administrative Assistant IV,4477
mhunnam7p@virginia.edu,Moira,Hunnam,Web Developer I,5853
lwraith7q@phpbb.com,Lothaire,Wraith,Environmental Specialist,7136
fphilipard7r@gov.uk,Flinn,Philipard,Civil Engineer,4583
clattie7s@barnesandnoble.com,Catharina,Lattie,Automation Specialist IV,5137
gshout7t@indiegogo.com,Gizela,Shout,Computer Systems Analyst I,6751
flaskey7u@wix.com,Forster,Laskey,Engineer III,6328
mbeville7v@apple.com,Max,Beville,Account Coordinator,5779
vmayes7w@princeton.edu,Vinson,Mayes,Payment Adjustment Coordinator,7401
nwehden7x@amazon.co.uk,Nata,Wehden,Business Systems Development Analyst,6136
lpechell7y@domainmarket.com,Leonidas,Pechell,Statistician I,9914
mbidmead7z@gnu.org,Manny,Bidmead,Sales Associate,8604
dwestrope80@usgs.gov,Diann,Westrope,Product Engineer,6118
tspyvye81@geocities.com,Theobald,Spyvye,Environmental Specialist,6608
ferrington82@psu.edu,Fidel,Errington,Occupational Therapist,7200
hplanke83@de.vu,Haydon,Planke,Administrative Assistant II,5103
rbythell84@github.com,Renae,Bythell,Analyst Programmer,5184
gagastina85@bloomberg.com,Gabie,Agastina,Data Coordinator,4862
fmcwhirter86@merriam-webster.com,Felipe,McWhirter,Professor,8239
ctricker87@bloomberg.com,Cathrin,Tricker,Engineer IV,9931
dkinde88@netvibes.com,Dionysus,Kinde,VP Product Management,8749
ahof89@pen.io,Anastasie,Hof,Environmental Tech,4206
begdal8a@hibu.com,Blanca,Egdal,Sales Associate,8064
pmargrie8b@marriott.com,Pavia,Margrie,Senior Quality Engineer,8531
wheadley8c@blinklist.com,Whitby,Headley,Mechanical Systems Engineer,7234
lwickardt8d@pcworld.com,Laney,Wickardt,Social Worker,5700
rpeacham8e@state.tx.us,Reuven,Peacham,Assistant Manager,9728
rbasson8f@usgs.gov,Robinet,Basson,Staff Scientist,6192
nhowel8g@usnews.com,Nels,Howel,Biostatistician IV,6406
ccarwardine8h@parallels.com,Constanta,Carwardine,Dental Hygienist,5840
cdanilchev8i@sourceforge.net,Cliff,Danilchev,Civil Engineer,8507
sstive8j@biblegateway.com,Sonnie,Stive,Administrative Officer,5660
anevet8k@bing.com,Avram,Nevet,Pharmacist,7719
irayne8l@dion.ne.jp,Inez,Rayne,Research Associate,8791
twyllcock8m@gizmodo.com,Tiffanie,Wyllcock,Actuary,6547
airnys8n@weibo.com,Anna-diane,Irnys,Payment Adjustment Coordinator,7060
atrouel8o@accuweather.com,Alameda,Trouel,Geologist I,5038
gmclellan8p@parallels.com,Georgena,McLellan,General Manager,7730
ggiorgioni8q@examiner.com,Ginni,Giorgioni,Electrical Engineer,4505
cbortolozzi8r@livejournal.com,Constantin,Bortolozzi,Developer II,6589
ahuddleston8s@bloglines.com,Angelique,Huddleston,Marketing Assistant,4285
spuckett8t@elpais.com,Suzanne,Puckett,Director of Sales,7276
gtemple8u@netlog.com,Goldia,Temple,Structural Analysis Engineer,4080
mbarnfield8v@canalblog.com,Miriam,Barnfield,Graphic Designer,4644
tprall8w@geocities.jp,Tresa,Prall,Executive Secretary,5877
bpreshaw8x@bloomberg.com,Beverley,Preshaw,Geological Engineer,6641
hsmillie8y@constantcontact.com,Hill,Smillie,Help Desk Technician,9698
kscopham8z@sina.com.cn,Kare,Scopham,Registered Nurse,8992
shelwig90@patch.com,Shermie,Helwig,Sales Associate,5549
glackham91@netlog.com,Guenna,Lackham,Staff Scientist,9396
cbenedito92@webnode.com,Con,Benedito,Geologist IV,9459
ldanielkiewicz93@chronoengine.com,Loralie,Danielkiewicz,Electrical Engineer,9126
kmottershead94@sfgate.com,Ken,Mottershead,Nuclear Power Engineer,5872
bcapeloff95@vistaprint.com,Barbette,Capeloff,Biostatistician IV,8575
wbeddingham96@biblegateway.com,Wilmer,Beddingham,Help Desk Technician,8617
fstripp97@pagesperso-orange.fr,Fania,Stripp,Information Systems Manager,9998
cmoland98@list-manage.com,Colleen,Moland,VP Product Management,8915
earmytage99@networkadvertising.org,Emanuele,Armytage,Human Resources Assistant IV,4389
dondracek9a@ebay.com,Delmore,Ondracek,Desktop Support Technician,4778
ablinerman9b@webeden.co.uk,Albert,Blinerman,Electrical Engineer,4224
pdominighi9c@wordpress.com,Paddie,Dominighi,Actuary,5101
jcarff9d@google.com.br,Juieta,Carff,Professor,5261
smerrydew9e@bizjournals.com,Shaylah,Merrydew,Accounting Assistant IV,8509
rhundey9f@quantcast.com,Robbyn,Hundey,Senior Financial Analyst,9789
dmcgrirl9g@quantcast.com,Dari,McGrirl,Help Desk Technician,7627
bebunoluwa9h@timesonline.co.uk,Bert,Ebunoluwa,Financial Advisor,5849
cglandon9i@europa.eu,Ciel,Glandon,VP Quality Control,4501
jstarking9j@instagram.com,Jarrett,Starking,Nurse,6223
btevelov9k@sfgate.com,Bel,Tevelov,Speech Pathologist,4230
swebby9l@yellowpages.com,Suki,Webby,Editor,9365
vcrayker9m@icio.us,Vinson,Crayker,Geologist I,9180
fblown9n@plala.or.jp,Fabe,Blown,Product Engineer,7045
fphear9o@slideshare.net,Fulvia,Phear,Operator,4463
ekiendl9p@yale.edu,Eb,Kiendl,Health Coach II,4146
smcadam9q@fda.gov,Star,McAdam,Statistician III,7407
cpickston9r@tmall.com,Cristy,Pickston,Speech Pathologist,7211
glammers9s@tumblr.com,Giovanni,Lammers,Sales Representative,4070
bdarlington9t@columbia.edu,Blondelle,Darlington,Marketing Manager,6350
bcowndley9u@oracle.com,Barry,Cowndley,VP Sales,9001
lgately9v@tmall.com,Lenee,Gately,Quality Control Specialist,5743
osanham9w@oakley.com,Ogdan,Sanham,Design Engineer,7605
wbenedek9x@army.mil,Winn,Benedek,Recruiter,7388
fspruce9y@studiopress.com,Frazer,Spruce,Account Representative III,7820
balloisi9z@omniture.com,Britt,Alloisi,Desktop Support Technician,5276
gbraikenridgea0@linkedin.com,Giles,Braikenridge,Programmer Analyst IV,8089
ffoya1@yale.edu,Fredelia,Foy,Product Engineer,4472
ncowopea2@huffingtonpost.com,Nickolaus,Cowope,Structural Engineer,7475
oaparka3@friendfeed.com,Ossie,Apark,Librarian,6406
smitskevicha4@surveymonkey.com,Sly,Mitskevich,Payment Adjustment Coordinator,6966
gkochela5@tuttocitta.it,Grantley,Kochel,Administrative Officer,5196
bstrewthera6@php.net,Brendan,Strewther,Structural Engineer,7471
kbessetta7@mediafire.com,Kev,Bessett,Senior Cost Accountant,4338
kzanicchia8@google.pl,Kittie,Zanicchi,Recruiting Manager,9495
jdowniea9@paypal.com,Jedidiah,Downie,Administrative Officer,8965
bsauvenaa@xing.com,Bevvy,Sauven,Recruiter,9454
zohlsenab@com.com,Zondra,Ohlsen,GIS Technical Architect,7480
jmccumeskyac@nih.gov,Jermayne,McCumesky,Programmer Analyst III,6554
mobrallaghanad@elpais.com,Minna,O'Brallaghan,Operator,6823
echattenae@fema.gov,Eve,Chatten,Database Administrator II,5942
cdyeaf@trellian.com,Costa,Dye,Sales Representative,7933
snapperag@arstechnica.com,Sada,Napper,Design Engineer,8732
jedmonsonah@macromedia.com,Jeniece,Edmonson,Nurse Practicioner,5254
tmouldenai@icio.us,Tallou,Moulden,Occupational Therapist,5284
cfawdryaj@forbes.com,Corly,Fawdry,Assistant Professor,5319
ggatehouseak@squidoo.com,Greggory,Gatehouse,Administrative Assistant IV,8886
rlewisal@instagram.com,Ronnie,Lewis,Chemical Engineer,8045
nrenolam@diigo.com,Nanny,Renol,Registered Nurse,7910
hpischoffan@themeforest.net,Hanna,Pischoff,Assistant Media Planner,5799
amccaughenao@opensource.org,Ardisj,McCaughen,Engineer IV,7304
emulhallap@fema.gov,Etta,Mulhall,Administrative Officer,4242
sezeleaq@tuttocitta.it,Saloma,Ezele,Nurse Practicioner,6069
lollerar@cafepress.com,Lynnelle,Oller,Engineer III,4135
jedeleras@unblog.fr,Jeni,Edeler,Actuary,7297
hworthingtonat@dyndns.org,Hazel,Worthington,Structural Engineer,4365
pedgeworthau@seesaa.net,Pavia,Edgeworth,Recruiting Manager,4229
amatessianav@google.pl,Alonso,Matessian,Software Engineer IV,5208
agovernaw@topsy.com,Artair,Govern,Accountant I,5231
rpavettax@joomla.org,Ramonda,Pavett,Recruiting Manager,8043
rzellickay@netlog.com,Ros,Zellick,Senior Financial Analyst,4683
siveyaz@mozilla.org,Sonnnie,Ivey,Database Administrator II,4622
ksterteb0@sina.com.cn,Kayne,Sterte,Business Systems Development Analyst,4702
aclyneb1@dion.ne.jp,August,Clyne,Automation Specialist III,6672
jnendickb2@bloglines.com,Julienne,Nendick,Human Resources Assistant III,5709
skloisnerb3@hibu.com,Skell,Kloisner,Environmental Specialist,4868
hbrocketb4@npr.org,Huey,Brocket,Developer II,8367
lbusfieldb5@cpanel.net,Linc,Busfield,VP Product Management,8042
hingreeb6@kickstarter.com,Hayden,Ingree,Computer Systems Analyst IV,4454
skidstonb7@uiuc.edu,Sebastian,Kidston,Software Engineer I,8303
ahutcheonb8@howstuffworks.com,Alie,Hutcheon,Nurse,6873
atirrellb9@cocolog-nifty.com,Astrid,Tirrell,Design Engineer,6209
dvanwaadenburgba@narod.ru,Diego,Van Waadenburg,Speech Pathologist,9408
babercrombybb@toplist.cz,Birgitta,Abercromby,Cost Accountant,8288
tudybc@eepurl.com,Tedd,Udy,Business Systems Development Analyst,8788
lburdettbd@exblog.jp,Lorain,Burdett,Speech Pathologist,6024
abittlestonebe@berkeley.edu,Arabela,Bittlestone,Help Desk Technician,6956
mgeartybf@netvibes.com,Melosa,Gearty,Engineer III,8854
gduligalbg@time.com,Gayleen,Duligal,Health Coach I,7912
ctomblinbh@auda.org.au,Coleman,Tomblin,Chemical Engineer,4566
hgrigsonbi@mit.edu,Hunt,Grigson,Administrative Assistant I,5132
fcockshttbj@digg.com,Ferrel,Cockshtt,Account Coordinator,5500
gpowriebk@hugedomains.com,Godfrey,Powrie,Electrical Engineer,7389
lpetrussibl@earthlink.net,Lora,Petrussi,Senior Developer,8475
kmcclymontbm@apache.org,Kippy,McClymont,Social Worker,7361
ttironbn@friendfeed.com,Tamarra,Tiron,Senior Cost Accountant,9126
rwennambo@sogou.com,Roland,Wennam,Speech Pathologist,7728
aavramovicbp@prnewswire.com,Adair,Avramovic,Clinical Specialist,5482
kbadgerbq@weibo.com,Ki,Badger,Technical Writer,6310
asedgemanbr@plala.or.jp,Althea,Sedgeman,Desktop Support Technician,5391
clamburnbs@adobe.com,Chariot,Lamburn,Help Desk Technician,7927
sharmourbt@i2i.jp,Shaun,Harmour,Analog Circuit Design manager,6223
ddreesbu@ftc.gov,Delano,Drees,VP Product Management,9694
mmettsbv@chronoengine.com,Maurizio,Metts,Clinical Specialist,7410
ukibbeebw@nyu.edu,Urbain,Kibbee,Desktop Support Technician,6002
cmooneybx@barnesandnoble.com,Chaddy,Mooney,Environmental Tech,7994
amacginneyby@shop-pro.jp,Arabele,MacGinney,Pharmacist,6549
tmullettbz@wiley.com,Thacher,Mullett,Structural Analysis Engineer,4420
sorrillc0@weather.com,Shellie,Orrill,Account Executive,9056
aferryc1@prnewswire.com,Alisun,Ferry,Research Nurse,4483
salbinsonc2@engadget.com,Siffre,Albinson,Marketing Assistant,7067
ebakhrushinc3@parallels.com,Eldon,Bakhrushin,Web Developer I,4338
zwrankmorec4@foxnews.com,Zarla,Wrankmore,Dental Hygienist,5643
dmcgonigalc5@go.com,Dion,McGonigal,Quality Control Specialist,5398
vdoolanc6@forbes.com,Venus,Doolan,Civil Engineer,7781
ffellowsc7@ning.com,Florance,Fellows,Office Assistant I,5203
cbeentjesc8@tmall.com,Codi,Beentjes,Director of Sales,6734
gkunzc9@free.fr,Gabriellia,Kunz,Speech Pathologist,4899
bcongdonca@wsj.com,Briny,Congdon,Developer I,6589
gbendixcb@merriam-webster.com,Geoff,Bendix,Accountant II,7668
orowbottomcc@mediafire.com,Octavius,Rowbottom,Engineer II,5087
lmathiassencd@youku.com,Lotty,Mathiassen,Associate Professor,6993
cagronskice@reference.com,Courtney,Agronski,Speech Pathologist,6191
wseftoncf@list-manage.com,Wanids,Sefton,Analyst Programmer,9093
ngynnicg@privacy.gov.au,Nari,Gynni,Research Nurse,5990
dgascoignech@springer.com,Devonna,Gascoigne,Marketing Assistant,9837
bwildesci@acquirethisname.com,Bard,Wildes,Recruiting Manager,6099
hreicherzcj@elpais.com,Hercules,Reicherz,VP Product Management,6330
srissomck@xinhuanet.com,Skippy,Rissom,Geologist III,4851
agoffcl@bluehost.com,Amie,Goff,Internal Auditor,9303
fgaffercm@ebay.co.uk,Federica,Gaffer,Geologist III,5306
swarrcn@wiley.com,Stevana,Warr,Health Coach IV,5712
mshoesmithco@uol.com.br,Marcie,Shoesmith,Help Desk Operator,4956
zmuxworthycp@unesco.org,Zelma,Muxworthy,Data Coordinator,6493
lmuldowneycq@chron.com,Luca,Muldowney,Geologist I,5903
hkewleycr@csmonitor.com,Hillary,Kewley,Actuary,6142
bthurlborncs@salon.com,Blondie,Thurlborn,Chemical Engineer,4610
aellistonct@bandcamp.com,Anna-diane,Elliston,Senior Financial Analyst,8825
lknibbscu@elpais.com,Leia,Knibbs,Senior Quality Engineer,4537
blukinscv@amazon.co.uk,Brooke,Lukins,Senior Cost Accountant,8124
wropscw@google.com.br,Wade,Rops,Cost Accountant,6152
rcastanhocx@google.nl,Ricky,Castanho,Electrical Engineer,5523
dpondercy@lulu.com,Darell,Ponder,Project Manager,7430
ablanketcz@altervista.org,Andris,Blanket,Internal Auditor,4165
mgarrityd0@taobao.com,Marcy,Garrity,Civil Engineer,7766
ckirdschd1@intel.com,Cissy,Kirdsch,Legal Assistant,6189
bblaised2@comsenz.com,Bobbie,Blaise,Executive Secretary,8705
ccuffleyd3@prlog.org,Culver,Cuffley,Business Systems Development Analyst,9778
rpaulsond4@psu.edu,Ryley,Paulson,Paralegal,4586
cgalleyd5@dyndns.org,Cristie,Galley,Account Executive,5709
kgrinhamd6@sfgate.com,Kimble,Grinham,Statistician IV,7335
bhansodd7@java.com,Brent,Hansod,Paralegal,7186
lprewd8@about.com,Lavina,Prew,Clinical Specialist,7496
bdossitd9@berkeley.edu,Briggs,Dossit,Community Outreach Specialist,8621
kveelda@tuttocitta.it,Kitti,Veel,Web Developer IV,8771
ndimmerdb@cdc.gov,Ninon,Dimmer,Recruiter,9168
dcoldbathedc@acquirethisname.com,Darin,Coldbathe,Senior Developer,6746
nbenedidickdd@unicef.org,Niven,Benedidick,Account Coordinator,6910
bscottide@qq.com,Bab,Scotti,Environmental Tech,9956
jdosdaledf@booking.com,Juliana,Dosdale,Community Outreach Specialist,9021
dscraggsdg@deliciousdays.com,Davidson,Scraggs,Web Developer II,4658
lglennondh@dropbox.com,Lee,Glennon,Quality Engineer,6214
tmagsondi@list-manage.com,Thornton,Magson,Tax Accountant,6593
aansteysdj@cbsnews.com,Antonin,Ansteys,Pharmacist,4070
gtyndalldk@spotify.com,Giovanna,Tyndall,Nurse Practicioner,9021
lcandwelldl@mac.com,Larina,Candwell,Business Systems Development Analyst,7367
mmckimmdm@com.com,Marilyn,McKimm,Assistant Media Planner,5545
nbeeckerdn@nature.com,Northrop,Beecker,Clinical Specialist,9370
jmounsiedo@mapy.cz,Janeta,Mounsie,GIS Technical Architect,6680
cwaddiedp@marketwatch.com,Cecilla,Waddie,Geological Engineer,4897
bmapholmdq@zimbio.com,Bertie,Mapholm,Compensation Analyst,6371
mklichdr@joomla.org,Melonie,Klich,Analog Circuit Design manager,7859
hmayds@hud.gov,Homere,May,Design Engineer,7163
nbreinleindt@imageshack.us,Nalani,Breinlein,Speech Pathologist,4500
tbradforthdu@dailymotion.com,Townie,Bradforth,Sales Associate,9018
rsantoridv@bigcartel.com,Rollin,Santori,Marketing Assistant,9116
aaylmoredw@blog.com,Amitie,Aylmore,Marketing Assistant,4491
jlarnerdx@bing.com,Jarred,Larner,Programmer II,8070
mfortnamdy@netvibes.com,Meg,Fortnam,Software Consultant,4531
kolynndz@merriam-webster.com,Korney,O'Lynn,Senior Cost Accountant,5015
nvannikove0@deliciousdays.com,Neil,Vannikov,VP Sales,9857
hmcgraghe1@so-net.ne.jp,Horatius,McGragh,Executive Secretary,9367
sbishe2@wiley.com,Sherrie,Bish,Web Developer I,7871
alabate3@ucoz.com,Abby,Labat,Senior Cost Accountant,5969
jbulfoote4@home.pl,Jeannine,Bulfoot,Registered Nurse,9529
mingrahame5@jugem.jp,Melonie,Ingraham,VP Marketing,7257
ewoodgere6@sakura.ne.jp,Ebonee,Woodger,Web Developer II,8321
amcdowelle7@forbes.com,Alli,McDowell,Web Designer III,6145
jnewitte8@europa.eu,Janeczka,Newitt,Software Engineer III,7294
bcollerde9@simplemachines.org,Britteny,Collerd,General Manager,4800
sstevensea@alibaba.com,Steffi,Stevens,Engineer I,4315
ltalkingtoneb@wordpress.org,Lorrie,Talkington,Product Engineer,8618
probleyec@yandex.ru,Penrod,Robley,Financial Analyst,8601
kterroned@tumblr.com,Kattie,Terron,General Manager,7345
cjoronee@samsung.com,Candi,Joron,Librarian,7245
hcometsonef@addtoany.com,Hermione,Cometson,Cost Accountant,8038
aharmseg@bandcamp.com,Aldon,Harms,Media Manager I,7249
bheaphyeh@4shared.com,Bunny,Heaphy,Clinical Specialist,9043
akitchenerei@nyu.edu,Alena,Kitchener,Information Systems Manager,8758
nklimukej@google.pl,Nonie,Klimuk,Financial Analyst,5826
chayneek@tinypic.com,Corny,Hayne,Tax Accountant,7630
kpendlingtonel@linkedin.com,Kellyann,Pendlington,Health Coach I,9886
kcisnerosem@jiathis.com,Krispin,Cisneros,Chief Design Engineer,5036
vrenowdenen@histats.com,Von,Renowden,Statistician II,5142
aratrayeo@cocolog-nifty.com,Ambur,Ratray,Human Resources Assistant IV,5321
kbrattenep@nytimes.com,Kariotta,Bratten,Sales Associate,6736
aconnachaneq@kickstarter.com,Arny,Connachan,Design Engineer,9562
jsandeyer@berkeley.edu,Johna,Sandey,Web Developer I,8046
athomtones@indiegogo.com,Andrus,Thomton,Account Coordinator,4618
gbroadiset@state.tx.us,Gaultiero,Broadis,Environmental Specialist,9749
vbangleeu@prlog.org,Von,Bangle,Product Engineer,9780
koquirkev@alexa.com,Kelley,O' Quirk,Senior Developer,8736
jgillaspyew@eventbrite.com,Jose,Gillaspy,Associate Professor,4969
lcarberryex@comsenz.com,Lonni,Carberry,Assistant Professor,7733
cedgworthey@chicagotribune.com,Cecil,Edgworth,Sales Representative,4499
boskehanez@bloglines.com,Bili,O'Skehan,Staff Scientist,6536
bscardf0@comsenz.com,Barnabas,Scard,Software Consultant,9751
cspeeksf1@columbia.edu,Ciel,Speeks,Senior Quality Engineer,9301
hlangrishf2@ed.gov,Herculie,Langrish,Senior Financial Analyst,5351
lokelleherf3@msn.com,Linette,O' Kelleher,Professor,6151
lbladgef4@jigsy.com,Leonid,Bladge,Graphic Designer,4887
fbyllamf5@php.net,Fowler,Byllam,Web Developer III,6109
vmumbyf6@themeforest.net,Valentina,Mumby,Account Coordinator,5430
solechnowiczf7@hc360.com,Sanderson,Olechnowicz,Analyst Programmer,9483
rharkessf8@joomla.org,Rodger,Harkess,VP Sales,6610
ccourtonnef9@flickr.com,Claudian,Courtonne,Budget/Accounting Analyst III,7143
hbacchusfa@cnet.com,Horacio,Bacchus,Administrative Officer,7250
ydeliafb@symantec.com,Yank,D'Elia,Information Systems Manager,9063
tdickmanfc@infoseek.co.jp,Tessa,Dickman,Professor,6654
rdederichfd@sina.com.cn,Rianon,Dederich,Desktop Support Technician,4435
snoltefe@wufoo.com,Shela,Nolte,Civil Engineer,9827
dfollettff@acquirethisname.com,Doralynne,Follett,Software Test Engineer II,8437
atilbeyfg@cdbaby.com,Aylmar,Tilbey,VP Quality Control,5963
ssimounetfh@yelp.com,Sidonnie,Simounet,Financial Advisor,8008
aswinneyfi@odnoklassniki.ru,Adriana,Swinney,Senior Developer,6645
mharmefj@washingtonpost.com,Mellisent,Harme,Staff Accountant IV,4540
bribafk@nyu.edu,Boycie,Riba,Accountant II,4531
dbrichamfl@purevolume.com,Darlene,Bricham,Software Test Engineer I,8781
bmurtyfm@home.pl,Braden,Murty,Software Test Engineer III,8690
mpeartreefn@google.nl,Mord,Peartree,Web Designer IV,7751
greffefo@time.com,Gena,Reffe,Actuary,8731
msamweyesfp@yandex.ru,Meta,Samweyes,Environmental Tech,6279
lseggesfq@sphinn.com,Lebbie,Segges,Programmer II,8204
mmurdochfr@icq.com,Margot,Murdoch,Human Resources Manager,8123
kkeseyfs@digg.com,Krisha,Kesey,Software Engineer II,7504
earguileft@zdnet.com,Eddie,Arguile,Recruiting Manager,7204
mbudibentfu@xinhuanet.com,Malia,Budibent,Research Associate,9172
cbarettefv@github.io,Calida,Barette,Chief Design Engineer,7138
ldickiefw@free.fr,Lea,Dickie,Financial Analyst,8998
shegdenfx@slashdot.org,Stephana,Hegden,Software Test Engineer II,8838
gvarnefy@auda.org.au,Guillaume,Varne,Teacher,9654
mdaylyfz@booking.com,Minetta,Dayly,Quality Engineer,9756
ccorwing0@vk.com,Chrisy,Corwin,Business Systems Development Analyst,9231
mnobbsg1@china.com.cn,Madelene,Nobbs,Accounting Assistant IV,5222
dwhieldong2@arizona.edu,Demeter,Whieldon,Technical Writer,9300
dbengeg3@ox.ac.uk,Delbert,Benge,Environmental Specialist,9044
rchokeg4@artisteer.com,Riannon,Choke,Database Administrator II,9330
aolssong5@google.ca,Adelind,Olsson,Cost Accountant,9968
mgarritg6@wordpress.com,Maritsa,Garrit,Information Systems Manager,9832
jkyndg7@japanpost.jp,Jarrett,Kynd,Business Systems Development Analyst,5243
nolerenshawg8@ebay.com,Nappy,Olerenshaw,Research Assistant I,8386
fsidleg9@sphinn.com,Findley,Sidle,Data Coordinator,5092
cyesipovga@auda.org.au,Crichton,Yesipov,Sales Associate,9968
jcareswellgb@yelp.com,Jojo,Careswell,Civil Engineer,8646
gethridgegc@goodreads.com,Gradeigh,Ethridge,Engineer II,8232
sflintoffgd@geocities.jp,Sher,Flintoff,Systems Administrator I,5063
mtrudgionge@blogger.com,Monro,Trudgion,Web Developer IV,9662
apeperellgf@reuters.com,Alis,Peperell,Business Systems Development Analyst,4485
gwhategg@baidu.com,Gertie,Whate,Civil Engineer,9556
eellergh@ucla.edu,Ezekiel,Eller,Account Representative II,8615
ncadremangi@fda.gov,Nappy,Cadreman,Chief Design Engineer,4440
mdobsonsgj@macromedia.com,Mandie,Dobsons,Research Associate,8586
hharversongk@homestead.com,Hugh,Harverson,Senior Sales Associate,8784
adelatremoillegl@usda.gov,Alessandra,de la Tremoille,Senior Cost Accountant,9291
ooxleegm@livejournal.com,Oliver,Oxlee,Food Chemist,6174
hgainforthgn@ehow.com,Heywood,Gainforth,Librarian,7224
weverleighgo@tripod.com,Westbrook,Everleigh,Social Worker,7968
kparfittgp@dmoz.org,Kellia,Parfitt,Pharmacist,9811
ccaplingq@ameblo.jp,Carlie,Caplin,Quality Engineer,9754
ramyesgr@stanford.edu,Rubetta,Amyes,Health Coach IV,8731
oirdalegs@senate.gov,Orville,Irdale,Analog Circuit Design manager,5754
bbrounckergt@etsy.com,Brigit,Brouncker,Nurse,5314
csempillgu@moonfruit.com,Celestina,Sempill,Geologist I,6289
clillgv@simplemachines.org,Caritta,Lill,Account Coordinator,9451
rbishgw@nsw.gov.au,Rozalin,Bish,Web Designer IV,7778
eszymanowskigx@bigcartel.com,Evangelia,Szymanowski,Assistant Media Planner,5173
tmccuddengy@chron.com,Timothea,McCudden,Dental Hygienist,6411
imainsgz@zimbio.com,Ian,Mains,Graphic Designer,8951
mdowseyh0@comsenz.com,Max,Dowsey,Desktop Support Technician,5520
kdovidianh1@patch.com,Kelila,Dovidian,Tax Accountant,9981
alotteringtonh2@state.tx.us,Aida,Lotterington,VP Product Management,8878
nbeastonh3@ask.com,Nissie,Beaston,Senior Developer,8643
ltregearh4@mashable.com,Lindsey,Tregear,Paralegal,4060
fkarph5@cloudflare.com,Forrest,Karp,Financial Advisor,7098
rsorrelh6@exblog.jp,Rosanne,Sorrel,Senior Financial Analyst,7607
gchapelhowh7@google.com,Gianna,Chapelhow,Marketing Assistant,6516
vewestaceh8@bluehost.com,Vera,Ewestace,Senior Developer,5270
mmorroweh9@fc2.com,Mead,Morrowe,Software Engineer II,9697
fjiruchha@behance.net,Filide,Jiruch,Account Executive,8939
cpackhamhb@symantec.com,Celestine,Packham,Civil Engineer,4536
dfatharlyhc@eventbrite.com,Dacey,Fatharly,Software Test Engineer I,7781
beariehd@desdev.cn,Bidget,Earie,Director of Sales,5262
mpienshe@discuz.net,Maridel,Piens,Clinical Specialist,7239
ftitmarshhf@homestead.com,Florina,Titmarsh,Automation Specialist IV,5523
chucklehg@dailymotion.com,Curry,Huckle,Structural Engineer,6310
gtortoishellhh@cdc.gov,Geraldine,Tortoishell,Administrative Officer,8780
rchadbournehi@github.io,Rennie,Chadbourne,Assistant Manager,4143
sfennahj@chronoengine.com,Sebastian,Fenna,Analog Circuit Design manager,6022
mormshawhk@newyorker.com,Merry,Ormshaw,Research Assistant IV,5019
alimprechthl@reference.com,Alleyn,Limprecht,Environmental Tech,8459
hkralehm@economist.com,Hermia,Krale,Product Engineer,5383
kfairlamhn@discuz.net,Kris,Fairlam,Director of Sales,5478
jdreverho@ovh.net,Justin,Drever,Sales Associate,6950
rwelbelovehp@patch.com,Read,Welbelove,Database Administrator II,7345
maustinghq@dot.gov,Minnaminnie,Austing,Cost Accountant,8468
dkennawayhr@irs.gov,Debor,Kennaway,Analog Circuit Design manager,4318
aallibandhs@miibeian.gov.cn,Aldo,Alliband,Developer II,8499
mperillioht@fotki.com,Merralee,Perillio,VP Accounting,8222
rdavidovhu@woothemes.com,Raye,Davidov,Web Developer II,5577
ctyndallhv@psu.edu,Charlena,Tyndall,Professor,8998
nbartolhw@cyberchimps.com,Northrop,Bartol,Developer IV,8907
nstradlinghx@illinois.edu,Nydia,Stradling,Account Executive,6181
iskogginshy@wunderground.com,Isis,Skoggins,Research Associate,5390
rgarveyhz@tinyurl.com,Romonda,Garvey,Accountant III,4115
jwakehami0@bizjournals.com,Jobey,Wakeham,VP Quality Control,6740
bcasai1@fema.gov,Billi,Casa,Paralegal,9258
ksadleri2@last.fm,Killie,Sadler,Safety Technician IV,6592
hallertoni3@techcrunch.com,Haroun,Allerton,Business Systems Development Analyst,5869
cmcleesei4@woothemes.com,Consolata,McLeese,Geological Engineer,6910
sgreensidesi5@merriam-webster.com,Shandie,Greensides,Help Desk Technician,7832
sellertoni6@google.cn,Sile,Ellerton,Dental Hygienist,9081
jcohri7@cdbaby.com,Jerri,Cohr,Community Outreach Specialist,9326
slagadui8@lycos.com,Sibeal,Lagadu,Electrical Engineer,9280
fbasketti9@discuz.net,Ferd,Baskett,Environmental Specialist,8862
svibertia@sitemeter.com,Shalom,Vibert,Staff Scientist,5796
bcollissib@blog.com,Bertine,Colliss,GIS Technical Architect,9664
cfernieric@tamu.edu,Celestyna,Fernier,Account Executive,6151
hjudgeid@dailymotion.com,Haleigh,Judge,Actuary,6842
rbrownswordie@naver.com,Randene,Brownsword,Senior Sales Associate,4432
kmaypoleif@ask.com,Kev,Maypole,Account Executive,4999
amattinglyig@bloglines.com,Abbye,Mattingly,Senior Quality Engineer,8507
bebornih@tumblr.com,Blondie,Eborn,Computer Systems Analyst III,9117
ymanclarkii@pen.io,Yuma,Manclark,Senior Editor,5941
deannettaij@amazonaws.com,Dinnie,Eannetta,Dental Hygienist,5088
kgamageik@posterous.com,Kristofer,Gamage,Associate Professor,6566
fbeniniil@bluehost.com,Forrester,Benini,Nuclear Power Engineer,9195
nmargiottaim@msu.edu,Nerta,Margiotta,Electrical Engineer,8844
belbournein@desdev.cn,Bendick,Elbourne,Information Systems Manager,4733
asheridanio@liveinternet.ru,Abbie,Sheridan,Senior Developer,5515
pdrawmerip@independent.co.uk,Philippe,Drawmer,Paralegal,7369
acolesiq@bloglovin.com,Arlen,Coles,Health Coach II,8196
chellensir@i2i.jp,Cherianne,Hellens,Chief Design Engineer,7642
rstuehmeyeris@chicagotribune.com,Roosevelt,Stuehmeyer,Geologist IV,8735
ebrainsbyit@technorati.com,Emmalyn,Brainsby,Recruiter,4685
dsurgisoniu@nytimes.com,Darice,Surgison,VP Sales,6251
gharbiniv@house.gov,Gustavus,Harbin,Internal Auditor,5633
fmatthewmaniw@elegantthemes.com,Felicia,Matthewman,Registered Nurse,6928
gpitfordix@so-net.ne.jp,Gale,Pitford,Legal Assistant,9103
twindsoriy@jiathis.com,Townsend,Windsor,Assistant Professor,7155
dleimsteriz@thetimes.co.uk,Dennis,Leimster,Environmental Tech,8758
gvanyatinj0@joomla.org,Gerri,Vanyatin,Software Test Engineer I,4490
ilumlyj1@nbcnews.com,Ingram,Lumly,Tax Accountant,4212
ocoopej2@ask.com,Orbadiah,Coope,Software Engineer IV,7134
tconyardj3@fc2.com,Tiena,Conyard,Health Coach I,8030
rwarkj4@scribd.com,Roman,Wark,Sales Representative,9215
cbrumhamj5@examiner.com,Cord,Brumham,Project Manager,7586
gportisj6@google.com.br,Greta,Portis,VP Quality Control,7250
tdanzeyj7@dmoz.org,Timofei,Danzey,Quality Engineer,4217
ajereattj8@techcrunch.com,Atlanta,Jereatt,Civil Engineer,7704
breffordj9@bravesites.com,Betty,Refford,Human Resources Manager,9318
sgodartja@newsvine.com,Sylvan,Godart,Food Chemist,6121
mancliffejb@photobucket.com,Millicent,Ancliffe,Senior Quality Engineer,8263
lhallgoughjc@adobe.com,Lucy,Hall-Gough,Occupational Therapist,6184
troxbroughjd@prweb.com,Terra,Roxbrough,Librarian,7335
gpoyserje@ow.ly,Gaultiero,Poyser,Structural Analysis Engineer,6825
rcumberlidgejf@adobe.com,Roselia,Cumberlidge,Data Coordinator,6526
kterrilljg@dagondesign.com,Kalvin,Terrill,Quality Control Specialist,5014
esadlierjh@example.com,Eden,Sadlier,VP Marketing,6075
blorenzinji@noaa.gov,Brinna,Lorenzin,Account Executive,8015
fpenningjj@statcounter.com,Fraze,Penning,Account Coordinator,6504
bbedburrowjk@usda.gov,Beaufort,Bedburrow,Media Manager I,7127
aattridejl@fc2.com,Antons,Attride,Health Coach IV,8221
efancottjm@yahoo.com,Edsel,Fancott,Recruiter,5022
jsteffensjn@creativecommons.org,Jeannine,Steffens,Nurse,6220
nkampshelljo@baidu.com,Nannie,Kampshell,Editor,9757
awiddowfieldjp@posterous.com,Archambault,Widdowfield,Database Administrator I,8289
lprayjq@google.fr,Louisa,Pray,Financial Advisor,6094
harnaldijr@com.com,Hardy,Arnaldi,Systems Administrator II,5755
mbendanjs@tmall.com,Milzie,Bendan,VP Marketing,8562
aglynnjt@mapquest.com,Arturo,Glynn,Developer IV,9401
cemerineju@livejournal.com,Carson,Emerine,Teacher,8854
wwadesworthjv@prweb.com,Waylen,Wadesworth,Mechanical Systems Engineer,5403
mgrenejw@army.mil,Murielle,Grene,Information Systems Manager,9361
tternaultjx@java.com,Thurstan,Ternault,Developer II,5563
areingerjy@cnn.com,Annabell,Reinger,Help Desk Technician,9099
carchibaldjz@oakley.com,Callie,Archibald,Research Nurse,8027
sanelayk0@mail.ru,Samara,Anelay,VP Product Management,9770
proelofsenk1@wsj.com,Perice,Roelofsen,Human Resources Manager,9172
mspehrk2@npr.org,Michaelina,Spehr,Recruiter,8331
podennehyk3@weather.com,Patin,O'Dennehy,Chief Design Engineer,6915
stidridgek4@pbs.org,Shepherd,Tidridge,Automation Specialist II,9522
ldomineyk5@csmonitor.com,Licha,Dominey,Financial Analyst,9957
kwhitewayk6@prlog.org,Kirsteni,Whiteway,Office Assistant IV,4771
lcolebournk7@macromedia.com,Leigh,Colebourn,Sales Representative,8757
ranthonyk8@un.org,Rozanna,Anthony,Recruiter,4349
cseveryk9@wordpress.org,Carmelita,Severy,Payment Adjustment Coordinator,4880
mlampetka@netscape.com,Minerva,Lampet,Tax Accountant,8653
nsaxonkb@comsenz.com,Nealy,Saxon,Graphic Designer,4611
trasorkc@odnoklassniki.ru,Tildi,Rasor,Graphic Designer,9724
tsidonkd@sfgate.com,Tomaso,Sidon,Social Worker,6928
iflisherke@is.gd,Iosep,Flisher,Assistant Professor,8801
rfinnemorekf@e-recht24.de,Ringo,Finnemore,Help Desk Technician,5838
bcicuttokg@angelfire.com,Bruno,Cicutto,Staff Scientist,7105
swardlawkh@wordpress.org,Sidonia,Wardlaw,Civil Engineer,4900
ajammetki@ezinearticles.com,Abner,Jammet,Assistant Professor,9928
kwitchkj@taobao.com,Kessia,Witch,Nurse Practicioner,6634
adunkleekk@stumbleupon.com,Ashlin,Dunklee,Assistant Professor,4756
equogankl@ucoz.com,Edvard,Quogan,Graphic Designer,9444
gnicollskm@ifeng.com,Gaspard,Nicolls,Registered Nurse,7431
mtassellkn@twitter.com,Marshal,Tassell,Safety Technician III,7308
hgriffittsko@reverbnation.com,Hadleigh,Griffitts,Marketing Manager,6404
slorenzinkp@vistaprint.com,Skipton,Lorenzin,Librarian,9608
nglasbykq@csmonitor.com,Nannie,Glasby,Administrative Assistant IV,4757
lgaskenkr@vinaora.com,Lynn,Gasken,VP Quality Control,5915
codeoranks@google.cn,Cale,O'Deoran,Financial Advisor,7077
fcrinsonkt@usa.gov,Fran,Crinson,Database Administrator III,4311
apurselowku@dagondesign.com,Adelice,Purselow,VP Quality Control,5272
msailorkv@vk.com,Mack,Sailor,Senior Financial Analyst,4257
sbagguleykw@abc.net.au,Sansone,Bagguley,Administrative Officer,8192
sscramagekx@deliciousdays.com,Sibeal,Scramage,Chemical Engineer,6908
cbatchelorky@geocities.jp,Christalle,Batchelor,Tax Accountant,8887
nveckkz@bigcartel.com,Nico,Veck,Teacher,4733
rcastanagal0@php.net,Ronnica,Castanaga,Internal Auditor,4856
ngoaksl1@zdnet.com,Nathaniel,Goaks,Research Assistant III,9913
lmcinilityl2@shareasale.com,Louise,McInility,Compensation Analyst,6955
vfailll3@1688.com,Vidovic,Faill,Executive Secretary,7535
cblouetl4@npr.org,Cynthie,Blouet,Social Worker,4334
vmacfarlanel5@google.it,Vonny,MacFarlane,Environmental Tech,4655
tmewettl6@miitbeian.gov.cn,Thorny,Mewett,Engineer IV,8612
dmcgruarl7@furl.net,Danila,McGruar,Help Desk Technician,8655
ebachl8@comcast.net,Eolande,Bach,Geologist IV,8889
gblunkettl9@admin.ch,Gun,Blunkett,Dental Hygienist,5038
pcondellla@nature.com,Phaidra,Condell,Web Developer II,8523
rmeuslb@facebook.com,Rafi,Meus,Sales Associate,5608
isinnatlc@alexa.com,Iona,Sinnat,Structural Engineer,6319
tklosterld@123-reg.co.uk,Tiebout,Kloster,Financial Advisor,8527
ssimonsenle@harvard.edu,Stafani,Simonsen,Librarian,5186
lfreschinilf@baidu.com,Luce,Freschini,Computer Systems Analyst IV,7792
tgrzelewskilg@craigslist.org,Tallie,Grzelewski,Research Nurse,8082
bgromleylh@microsoft.com,Brandyn,Gromley,Database Administrator II,4402
cfilonli@bravesites.com,Corella,Filon,Payment Adjustment Coordinator,9724
ldearnleylj@cocolog-nifty.com,Licha,Dearnley,Operator,7466
rchappellelk@blogspot.com,Raynell,Chappelle,Software Test Engineer II,6637
vnorthfieldll@wikispaces.com,Vasili,Northfield,Geologist IV,7447
ldunbobinlm@blog.com,Lida,Dunbobin,Quality Control Specialist,5737
cfullwoodln@webnode.com,Christye,Fullwood,Design Engineer,4513
wjerramlo@tuttocitta.it,Willette,Jerram,Structural Engineer,6598
mfeeklp@zdnet.com,Malinde,Feek,Systems Administrator II,8292
nheisterlq@dot.gov,Nev,Heister,Research Assistant III,9042
hwhitingtonlr@eventbrite.com,Hadlee,Whitington,Registered Nurse,4936
mskellornels@mashable.com,Morie,Skellorne,Engineer III,4355
tmcmennumlt@technorati.com,Terri,McMennum,Recruiter,4239
fsharnocklu@walmart.com,Fancie,Sharnock,Software Consultant,9037
tbristolv@lulu.com,Trixi,Bristo,Quality Control Specialist,9597
adaniellw@sitemeter.com,Alleyn,Daniel,Chemical Engineer,4138
lbothbielx@cloudflare.com,Ludvig,Bothbie,Quality Control Specialist,7245
awheeldonly@cbsnews.com,Austin,Wheeldon,Compensation Analyst,4441
ddeemanlz@fotki.com,Dyan,Deeman,Chief Design Engineer,9172
jmarrionm0@friendfeed.com,Jessie,Marrion,Cost Accountant,7985
afetherstonm1@tinypic.com,Ardelle,Fetherston,Senior Cost Accountant,5279
gdunnm2@sbwire.com,Giulia,Dunn,Business Systems Development Analyst,7348
jdearym3@w3.org,Janet,Deary,VP Accounting,4415
wstubbem4@so-net.ne.jp,Wenona,Stubbe,VP Product Management,9792
bwilmorem5@surveymonkey.com,Baxter,Wilmore,Information Systems Manager,5056
amcmeekanm6@apple.com,Aryn,McMeekan,Administrative Officer,8023
hlynskeym7@hostgator.com,Hermie,Lynskey,Staff Scientist,5996
alemoirm8@oracle.com,Andrus,Lemoir,Civil Engineer,4644
nhaggethm9@etsy.com,Nancie,Haggeth,Professor,7412
asouthornma@prnewswire.com,Alta,Southorn,Research Associate,4903
tyarrellmb@admin.ch,Twyla,Yarrell,Pharmacist,4365
saylinmc@barnesandnoble.com,Spence,Aylin,Accounting Assistant I,7487
mgodspeedemd@oakley.com,Meggi,Godspeede,Help Desk Operator,6741
jkintzelme@canalblog.com,Jacky,Kintzel,Database Administrator I,8636
nyanezmf@usa.gov,Neila,Yanez,Desktop Support Technician,6693
dkleenmg@timesonline.co.uk,Daven,Kleen,Systems Administrator II,9798
dbissellmh@bing.com,Davy,Bissell,Clinical Specialist,6755
gjohananovmi@icio.us,Gabrielle,Johananov,Associate Professor,7021
ehuishmj@google.it,Elsie,Huish,Financial Advisor,5742
caugustmk@twitter.com,Carroll,August,Actuary,9783
lnewberyml@omniture.com,Liv,Newbery,Mechanical Systems Engineer,5118
ccotthammm@buzzfeed.com,Chiquita,Cottham,Budget/Accounting Analyst II,9562
svlachmn@weibo.com,Stormi,Vlach,Graphic Designer,4415
dchimientimo@thetimes.co.uk,Douglas,Chimienti,Environmental Tech,5583
jkettlestringesmp@hud.gov,Judy,Kettlestringes,Cost Accountant,7799
galldridgemq@vk.com,Gabbey,Alldridge,Community Outreach Specialist,8955
nbrockingmr@java.com,Nicky,Brocking,Web Designer II,7442
ccaddenms@e-recht24.de,Carmon,Cadden,Health Coach II,5497
tpickermt@usnews.com,Tiphanie,Picker,Mechanical Systems Engineer,6166
hbaldwinmu@xrea.com,Helga,Baldwin,Accounting Assistant III,6296
kairdmv@networkadvertising.org,Kayne,Aird,Accountant III,4461
pgreensitemw@hugedomains.com,Patsy,Greensite,Clinical Specialist,6581
lbentsonmx@1und1.de,Lynda,Bentson,Food Chemist,5919
lfitchetmy@scientificamerican.com,Lillian,Fitchet,Software Consultant,4629
aclulowmz@eventbrite.com,Archy,Clulow,Product Engineer,4184
pbushnelln0@wordpress.com,Parker,Bushnell,Operator,7990
dlanden1@ameblo.jp,Dniren,Lande,Financial Analyst,5854
mdunphyn2@ezinearticles.com,Mureil,Dunphy,Account Representative III,6743
cnieldn3@angelfire.com,Cyrille,Nield,Registered Nurse,8294
cgoodaylen4@aol.com,Chan,Goodayle,Registered Nurse,4574
fclaxtonn5@networksolutions.com,Felike,Claxton,Geologist IV,8271
asprullsn6@surveymonkey.com,Ariela,Sprulls,Editor,6584
cdudilln7@google.ca,Cele,Dudill,Technical Writer,9698
ymarcosn8@purevolume.com,Yorker,Marcos,Teacher,7458
gpetrushankon9@mail.ru,Gauthier,Petrushanko,Payment Adjustment Coordinator,5018
dalentyevna@hibu.com,Derick,Alentyev,Compensation Analyst,5471
hjeniceknb@opensource.org,Horace,Jenicek,Director of Sales,9357
hpeachnc@wisc.edu,Heindrick,Peach,Senior Developer,4011
rprophetnd@lulu.com,Romeo,Prophet,Actuary,8864
rdallynne@themeforest.net,Raffarty,Dallyn,Electrical Engineer,6574
nhughsonnf@deviantart.com,Nessi,Hughson,Analyst Programmer,6230
agronwng@blogtalkradio.com,Andie,Gronw,Product Engineer,9331
mlosekenh@paginegialle.it,Marris,Loseke,Human Resources Manager,4695
leccersleyni@nationalgeographic.com,Levey,Eccersley,Tax Accountant,6032
kbalsdonenj@digg.com,Krishnah,Balsdone,Editor,8762
odjorvicnk@marketwatch.com,Orion,Djorvic,Dental Hygienist,9627
hstanesbynl@harvard.edu,Haskell,Stanesby,Tax Accountant,4239
pboognm@vk.com,Pru,Boog,Nurse,5153
cleethamnn@google.co.jp,Claudell,Leetham,Human Resources Assistant II,4441
rguppeyno@businessweek.com,Rosamund,Guppey,Recruiter,8647
niscowitznp@mit.edu,Natale,Iscowitz,General Manager,4086
dhammondsnq@google.nl,Delmore,Hammonds,Environmental Specialist,5810
fpepinr@go.com,Ferris,Pepi,Nuclear Power Engineer,6875
ndungeens@jalbum.net,Niels,Dungee,Chemical Engineer,6795
vderlnt@slate.com,Vivia,Derl,Structural Engineer,5120
mferrottinu@sun.com,Michael,Ferrotti,Data Coordinator,8746
kmudlenv@google.ca,Kaitlin,Mudle,Research Nurse,7195
gsterzakernw@rediff.com,Gery,Sterzaker,Help Desk Technician,4125
ipyernx@shareasale.com,Ileana,Pyer,Safety Technician II,6041
nbosseny@edublogs.org,Noble,Bosse,Computer Systems Analyst I,5833
acoomnz@merriam-webster.com,Alberik,Coom,Cost Accountant,4917
atrauto0@com.com,Arden,Traut,Paralegal,7161
pmattussevicho1@examiner.com,Perla,Mattussevich,Chemical Engineer,6491
cjosepho2@hp.com,Cassandra,Joseph,Mechanical Systems Engineer,6069
esingso3@bluehost.com,Erv,Sings,Analyst Programmer,8549
dscrannyo4@opensource.org,Dorella,Scranny,Actuary,8303
bcristofvaoo5@amazon.de,Bennie,Cristofvao,Senior Cost Accountant,4933
kratazzio6@mit.edu,Karlis,Ratazzi,Associate Professor,7909
tdematteio7@desdev.cn,Trenna,De Mattei,Account Coordinator,4876
bsapsfordeo8@ezinearticles.com,Beverley,Sapsforde,Media Manager III,7932
modempseyo9@bigcartel.com,Melanie,O'Dempsey,Information Systems Manager,4372
warnaezoa@blogtalkradio.com,Wendeline,Arnaez,Programmer II,8496
rscallyob@salon.com,Rafaelita,Scally,Social Worker,8996
jisaksonoc@vimeo.com,Julita,Isakson,Staff Accountant IV,5992
mfearnyoughod@ucoz.com,Michele,Fearnyough,Financial Analyst,9655
asmardonoe@marriott.com,Ardelis,Smardon,Information Systems Manager,8249
dleatherborrowof@google.ca,Des,Leatherborrow,Web Developer I,7529
hhoffmannog@cocolog-nifty.com,Hort,Hoffmann,VP Accounting,7156
drocheoh@msn.com,Dedra,Roche,Associate Professor,7953
ocainoi@liveinternet.ru,Othello,Cain,Programmer Analyst II,6131
dganiclefoj@paypal.com,Dasie,Ganiclef,Graphic Designer,4543
bkleinertok@yandex.ru,Bran,Kleinert,Marketing Assistant,9696
atouzeyol@cnbc.com,Alis,Touzey,Account Executive,4376
bcarwithenom@opensource.org,Bone,Carwithen,Assistant Manager,4321
ldunniomon@washingtonpost.com,Lulita,Dunniom,Environmental Specialist,7717
dloughrenoo@posterous.com,Denys,Loughren,Software Engineer IV,4123
mwabererop@miitbeian.gov.cn,Morry,Waberer,Payment Adjustment Coordinator,5004
cfildeoq@apache.org,Carolan,Filde,Dental Hygienist,9733
rthorbyor@posterous.com,Ruthann,Thorby,Registered Nurse,7800
chatcliffeos@independent.co.uk,Camella,Hatcliffe,Pharmacist,4732
chaithwaiteot@europa.eu,Cesaro,Haithwaite,Budget/Accounting Analyst II,8356
dbrawnou@zimbio.com,Deana,Brawn,Nurse Practicioner,7089
eantrobusov@springer.com,Emmeline,Antrobus,VP Marketing,9716
btorbetow@aol.com,Becca,Torbet,Nurse Practicioner,6095
emeinekenox@mapy.cz,Eve,Meineken,Editor,7438
jorreyoy@ezinearticles.com,Jose,Orrey,Programmer Analyst I,7244
sdybelloz@symantec.com,Sella,Dybell,Legal Assistant,6852
hconahyp0@ucoz.com,Humfried,Conahy,Human Resources Assistant III,4234
imcminnp1@scientificamerican.com,Inessa,McMinn,Sales Representative,6312
dlawlesp2@boston.com,Doralynn,Lawles,Programmer III,9139
dordp3@accuweather.com,Darby,Ord,Research Associate,8362
ocaspellp4@google.com,Orelle,Caspell,Staff Accountant I,7858
parstingallp5@hp.com,Prudy,Arstingall,Account Representative IV,7599
kbinnsp6@ebay.com,Ker,Binns,Electrical Engineer,5586
dfrenzlp7@google.co.jp,Devonna,Frenzl,Project Manager,9065
chubboldp8@cdbaby.com,Ches,Hubbold,Account Representative I,4672
amanvillep9@un.org,Alexandrina,Manville,Product Engineer,5507
awenningtonpa@parallels.com,Amitie,Wennington,Desktop Support Technician,6417
ktolerpb@mashable.com,Kimball,Toler,Cost Accountant,5785
lsolleypc@multiply.com,Lucille,Solley,Software Engineer I,6138
imarioneaupd@elpais.com,Indira,Marioneau,Systems Administrator IV,6504
bmetcalfepe@jalbum.net,Belle,Metcalfe,Health Coach IV,6202
mgrimpf@wufoo.com,Mamie,Grim,Automation Specialist IV,7259
mjosilevichpg@google.com.br,Miof mela,Josilevich,Occupational Therapist,9104
kcomizzoliph@ucoz.com,Kristen,Comizzoli,Nurse Practicioner,8830
thirjakpi@spotify.com,Tanya,Hirjak,Registered Nurse,4342
ahallepj@symantec.com,Adelina,Halle,VP Accounting,5865
cobrianpk@zimbio.com,Che,O'Brian,Financial Advisor,8671
hcushworthpl@ocn.ne.jp,Hephzibah,Cushworth,Civil Engineer,9512
abrunsdonpm@instagram.com,Aloin,Brunsdon,Senior Editor,6966
ashorypn@go.com,Angele,Shory,Sales Representative,9402
hwankapo@simplemachines.org,Holli,Wanka,Associate Professor,7628
ksuttiepp@ucla.edu,Kari,Suttie,VP Quality Control,8234
tsergeanpq@senate.gov,Tristan,Sergean,Accountant II,7868
ghalsteadpr@si.edu,Grady,Halstead,Structural Engineer,4102
jtrimeps@ning.com,Johnna,Trime,Senior Cost Accountant,9670
mblemingspt@tumblr.com,Maggi,Blemings,Social Worker,4465
sheymespu@lycos.com,Shani,Heymes,Clinical Specialist,6079
siddinspv@go.com,Sonja,Iddins,Teacher,7582
nfidgeonpw@shareasale.com,Nicolis,Fidgeon,Product Engineer,5117
byoakleypx@jalbum.net,Bendick,Yoakley,Research Assistant II,5087
acoughtreypy@nhs.uk,Anatollo,Coughtrey,Executive Secretary,4100
driglerpz@newyorker.com,Dom,Rigler,GIS Technical Architect,8560
clenoxq0@disqus.com,Colene,Lenox,Research Associate,9546
gkinnerq1@wikia.com,Godfree,Kinner,Account Executive,9015
psandisonq2@multiply.com,Pascale,Sandison,Librarian,8570
etrevainsq3@symantec.com,Elia,Trevains,Analog Circuit Design manager,6692
qreisq4@indiatimes.com,Quincey,Reis,Recruiter,5951
ssideq5@printfriendly.com,Sascha,Side,Desktop Support Technician,6512
vangrockq6@seesaa.net,Vasilis,Angrock,Registered Nurse,4060
hmayhoq7@blogger.com,Hilliary,Mayho,Environmental Specialist,4338
kfilpoq8@ning.com,Katherina,Filpo,Staff Scientist,9632
ipisculliq9@opera.com,Ines,Pisculli,Information Systems Manager,5126
ceadenqa@fc2.com,Cammy,Eaden,Internal Auditor,6779
ddjurkovicqb@usnews.com,Dosi,Djurkovic,Account Executive,4308
alambotinqc@purevolume.com,Adolphus,Lambotin,Librarian,4955
mdibiasioqd@paginegialle.it,Marco,Di Biasio,Financial Advisor,8398
dallottqe@sakura.ne.jp,Dara,Allott,Human Resources Manager,7055
mloffillqf@jalbum.net,Mignonne,Loffill,Executive Secretary,8781
bweabenqg@de.vu,Bartlett,Weaben,VP Product Management,9066
aleversonqh@alibaba.com,Ann,Leverson,Systems Administrator II,6696
ptotheqi@dropbox.com,Patten,Tothe,Cost Accountant,7537
tjeffqj@imageshack.us,Tull,Jeff,Dental Hygienist,6219
cbeckenqk@aol.com,Cher,Becken,Assistant Professor,4851
bcranmerql@redcross.org,Bunny,Cranmer,Office Assistant IV,7505
dlittlefairqm@lycos.com,Desi,Littlefair,Desktop Support Technician,8744
lchapellowqn@com.com,Lynde,Chapellow,Programmer II,4302
calsterqo@4shared.com,Constantin,Alster,Geologist I,9513
cpetrovqp@oracle.com,Cori,Petrov,Marketing Manager,9141
dfiskeqq@marketwatch.com,Davina,Fiske,Internal Auditor,4310
pcaplinqr@merriam-webster.com,Padraic,Caplin,Research Associate,8378
sklugmanqs@ehow.com,Sebastien,Klugman,VP Sales,7898
lcicettiqt@pen.io,Ladonna,Cicetti,VP Marketing,4918
okohringqu@barnesandnoble.com,Orelee,Kohring,Pharmacist,9587
fcorlettqv@tuttocitta.it,Fredia,Corlett,Electrical Engineer,6586
ababcockqw@ezinearticles.com,Alberta,Babcock,Geologist II,7212
dgrzegorekqx@engadget.com,Domenic,Grzegorek,Speech Pathologist,6873
ozelleyqy@netscape.com,Othella,Zelley,Compensation Analyst,4488
cstanworthqz@mtv.com,Clareta,Stanworth,Registered Nurse,4714
rrayerr0@harvard.edu,Roshelle,Rayer,Tax Accountant,7003
ameckiffr1@ucsd.edu,Ardelia,Meckiff,Cost Accountant,4011
ecolebrookr2@acquirethisname.com,Esmaria,Colebrook,Human Resources Manager,5961
fantonssonr3@1688.com,Francoise,Antonsson,Sales Representative,9735
sbuser4@yandex.ru,Susanetta,Buse,Junior Executive,7236
tcorstonr5@sina.com.cn,Torin,Corston,Nuclear Power Engineer,9618
dbridler6@usda.gov,Dorice,Bridle,VP Sales,5862
spinchonr7@jigsy.com,Sherm,Pinchon,Software Engineer II,7611
mbeviller8@skyrock.com,Melisenda,Beville,Environmental Specialist,8212
glittlerr9@artisteer.com,Glenden,Littler,Quality Control Specialist,8153
amedleyra@linkedin.com,Adria,Medley,Graphic Designer,4594
cblackmoorrb@cam.ac.uk,Chadwick,Blackmoor,Junior Executive,4820
lnanellirc@google.de,Loy,Nanelli,Librarian,9381
nohairerd@instagram.com,Nanete,O'Haire,Editor,5321
pgeldartre@smugmug.com,Paolina,Geldart,VP Product Management,5640
cbartlettrf@wp.com,Carla,Bartlett,Senior Editor,8551
npailinrg@hexun.com,Noella,Pailin,Data Coordinator,8158
sbartrumrh@google.es,Sergio,Bartrum,Office Assistant II,8882
agenningsri@wikimedia.org,Andria,Gennings,Payment Adjustment Coordinator,5002
vgarerj@ifeng.com,Vick,Gare,Desktop Support Technician,7079
aklasenrk@hud.gov,Ailyn,Klasen,Information Systems Manager,8612
agerlackrl@yale.edu,Aguistin,Gerlack,Professor,6071
ccreminsrm@ow.ly,Carol-jean,Cremins,Librarian,4767
krickertsenrn@addthis.com,Kerby,Rickertsen,Staff Scientist,6267
carletro@utexas.edu,Cullan,Arlet,Civil Engineer,5332
ndaniellotrp@slate.com,Niles,Daniellot,Human Resources Manager,5541
hmacleserq@google.es,Haydon,MacLese,VP Quality Control,6372
clincerr@xing.com,Clem,Lince,Engineer II,5843
